Consignee_Name,Location
ROYAL DOHA TRADING WLL,Qatar
Al Tayeb Distribution, United Arab Emirates
MS DATAR SONS LIMITED LLC,United Arab Emirates
Indya Foods Pty Ltd,Australia
Harman Impex NZ Ltd, New Zealand
Prince Foods UK Ltd, United Kingdom
Orma Plaza Gen Trad Co W L L, Kuwait
Abdul Aziz S Al Sebaie Sons Co, Kuwait
House of Spices India Inc,United States
Ruby S Food Products Ltd, United Kingdom
House of Spices India Inc, United States
Super Foods, Bahrain
LULU SAUDI HYPERMARKETS LLC, Saudi Arabia
Tasty Food International Trading LLC, United Arab Emirates
Baniyas Spike Trading Co LLC, United Arab Emirates
PRIME FOOD PRODUCTS LTD, United Kingdom
EXIMTICS INTERNATIONAL PVT LTD, Maldives
Ansell Dellis Company Limited, Nigeria
A S T Private Limited, Nepal
Al Maya International WLL, Bahrain
Datar and Sons Ltd L L C, Oman
MSAL Rawabi Foodstuff, Qatar
GAMEBOY GENERAL TRADING, United Arab Emirates
Falcon Global Arabian Trading, Saudi Arabia
Lo Sons Foods International, Canada
TRS Wholesale Company Limited, Netherlands
Spice Home, Japan
Falcon Global Arabian Trading, Saudi Arabia
Top-Op Foods Ltd, United Kingdom
Alzabidi Trading Co MFZ L L C, Oman
BLACK LINE GENERAL TRADING, United Arab Emirates
SPICE CITY TRADING CO, Saudi Arabia
HIGHRANGE IMPORTS NZ LIMITED, New Zealand
VELS SPICES PTY LTD, Australia
ES Food Industries Sdn Bhd, Sri Lanka
Heritage Food Mart WLL, Qatar
SUNDINE PRODUCE INC, Canada
Saraya Distribution L L C, Oman
Contil Canada Ltd, Canada
River Side Burgeon Inc, Canada
M s MFB FOODS WLL, Bahrain
Sabrini Foods Pty Ltd, Australia
Marufa Enterprise, Bangladesh
SHARAFIYA TRADING FOR FOOD STUFF L, Saudi Arabia
Gobind Sweets, Australia
Aly Export Pty Ltd, Australia
Bains Wholesale Foods Ltd, Canada
Lebanese Fruit Co LLC LIFCO, United Arab Emirates
Ogab Hamoud Al Malek Trading Co WLL, Kuwait
Qaisar Foodstuff Co, Kuwait
MS MAXWELL DISTRIBUTORS PTY LIMITED, Australia
Dhillon Group of Companies Ltd, Hong Kong
SUNDINE PRODUCE INC, Canada
SSR Tradings Pte Ltd, Singapore
Desert Rose General Trading Co WLL, Kuwait
ELEGANCE FOODS SUPPLIES EU LTD, Ireland
GODREJ HOUSEHOLD PRODUCTS LANKA PV T LIMITED, Sri Lanka
SUNDINE PRODUCE INC, Canada
FOOD SOLUTION ENGLAND LTD, United Kingdom
Sabina Enterprise, Bangladesh
GECO INTERNATIONAL LTD, United Kingdom
ES FOOD INDUSTRIES SDN BHD, Malaysia
SMART FOOD TRADING LLC, United Arab Emirates
MZ Holdings Ltd, New Zealand
MAJESTIC STORES TRADING CO, Saudi Arabia
Belad Alsafwa for General Trading Ltd, Iraq
Aiva Products, United States
Chetak Melbourne, Australia
ASIAN BISCUIT AND CONFECTIONERY P LIMITED, Nepal
Multiplex International LLC, United Arab Emirates
MZ Holdings Ltd, Auckland
P B Foods Ltd, United Kingdom
Prime Trading Co. LLC, Oman
Prince Foods UK Ltd, United States
Red Wave Pvt Ltd, Male
Roshni Foods, United States
Sara Traders Pte Ltd, Singapore
Shana Foods Ltd, Wembley
Shree Dhana Food Industries Sdn Bhd, Klang
Siy Distribution Sdn Bhd, Malaysia
SNEHA VENTURES PTE LTD, Singapore
Sofan Trading, Oman
Sonnamera Pte Ltd, Singapore
SPICEWAY WHOLESALE LIMITED, United Kingdom
Yaquby International, Bahrain
World Timber Corp, Hubert
VATAN SE TRADING PTE LTD, Singapore
UNITED OVERSEAS BANK, Mala
United Foods Sweden AB, Sweden
Ultra International B.V., Netherlands
Griffith Foods, Canada
Snackstar, Delhi
Yummy Bazar, New Jersey
BAKKAL INTERNATIONAL FOODS, Atlanta
World Food Shop, Wellingborough
BritSuperstore, United Kingdom
International Groceries, Queensland
USA Foods, Melbourne
KG Foods, Melbourne
General Mills, United States